app_class,scenario,device_id,device,tuple,energy,app
TwoDCNSApps,Router_Only,5,proxy-server,DETECTED_OBJECT_1,2.074799999998236,dcns_1
TwoDCNSApps,Router_Only,5,proxy-server,DETECTED_OBJECT,2.1612499999982795,dcns_0
TwoDCNSApps,Router_Only,6,d-0,PTZ_PARAMS_1,3.1436363636335045,dcns_1
TwoDCNSApps,Router_Only,6,d-0,DETECTED_OBJECT_1,2.1641454545436143,dcns_1
TwoDCNSApps,Router_Only,6,d-0,PTZ_PARAMS,3.143636363633739,dcns_0
TwoDCNSApps,Router_Only,6,d-0,DETECTED_OBJECT,2.2543181818163878,dcns_0
TwoDCNSApps,Router_Only,7,m-0-0,MOTION_VIDEO_STREAM_1,2.7888620514225506,dcns_1
TwoDCNSApps,Router_Only,7,m-0-0,MOTION_VIDEO_STREAM,2.901316166399247,dcns_0
TwoDCNSApps,Router_Only,8,m-0-1,MOTION_VIDEO_STREAM_1,2.7888620514225506,dcns_1
TwoDCNSApps,Router_Only,8,m-0-1,MOTION_VIDEO_STREAM,2.901316166399247,dcns_0
TwoDCNSApps,Router_Only,9,m-0-2,MOTION_VIDEO_STREAM_1,2.7888620514225506,dcns_1
TwoDCNSApps,Router_Only,9,m-0-2,MOTION_VIDEO_STREAM,2.901316166399247,dcns_0
TwoDCNSApps,Router_Only,10,m-0-3,MOTION_VIDEO_STREAM_1,2.7888620514225506,dcns_1
TwoDCNSApps,Router_Only,10,m-0-3,MOTION_VIDEO_STREAM,2.901316166399247,dcns_0
HighResTwoDCNSApps,Router_Only,5,proxy-server,DETECTED_OBJECT_1,4.149599999997086,dcns_1
HighResTwoDCNSApps,Router_Only,5,proxy-server,DETECTED_OBJECT,4.322499999997052,dcns_0
HighResTwoDCNSApps,Router_Only,6,d-0,PTZ_PARAMS_1,3.1436363636335045,dcns_1
HighResTwoDCNSApps,Router_Only,6,d-0,DETECTED_OBJECT_1,4.328290909087869,dcns_1
HighResTwoDCNSApps,Router_Only,6,d-0,PTZ_PARAMS,3.143636363633739,dcns_0
HighResTwoDCNSApps,Router_Only,6,d-0,DETECTED_OBJECT,4.508636363633288,dcns_0
HighResTwoDCNSApps,Router_Only,7,m-0-0,MOTION_VIDEO_STREAM_1,2.833060071224527,dcns_1
HighResTwoDCNSApps,Router_Only,7,m-0-0,MOTION_VIDEO_STREAM,2.9472963644190546,dcns_0
HighResTwoDCNSApps,Router_Only,8,m-0-1,MOTION_VIDEO_STREAM_1,2.833060071224527,dcns_1
HighResTwoDCNSApps,Router_Only,8,m-0-1,MOTION_VIDEO_STREAM,2.9472963644190546,dcns_0
HighResTwoDCNSApps,Router_Only,9,m-0-2,MOTION_VIDEO_STREAM_1,2.833060071224527,dcns_1
HighResTwoDCNSApps,Router_Only,9,m-0-2,MOTION_VIDEO_STREAM,2.9472963644190546,dcns_0
HighResTwoDCNSApps,Router_Only,10,m-0-3,MOTION_VIDEO_STREAM_1,2.833060071224527,dcns_1
HighResTwoDCNSApps,Router_Only,10,m-0-3,MOTION_VIDEO_STREAM,2.9472963644190546,dcns_0
LowResTwoDCNSApps,Router_Only,5,proxy-server,DETECTED_OBJECT_1,1.0373999999990564,dcns_1
LowResTwoDCNSApps,Router_Only,5,proxy-server,DETECTED_OBJECT,1.080624999999017,dcns_0
LowResTwoDCNSApps,Router_Only,6,d-0,PTZ_PARAMS_1,3.1436363636335045,dcns_1
LowResTwoDCNSApps,Router_Only,6,d-0,DETECTED_OBJECT_1,1.0820727272717432,dcns_1
LowResTwoDCNSApps,Router_Only,6,d-0,PTZ_PARAMS,3.143636363633739,dcns_0
LowResTwoDCNSApps,Router_Only,6,d-0,DETECTED_OBJECT,1.1271590909080658,dcns_0
LowResTwoDCNSApps,Router_Only,7,m-0-0,MOTION_VIDEO_STREAM_1,2.7667630415215165,dcns_1
LowResTwoDCNSApps,Router_Only,7,m-0-0,MOTION_VIDEO_STREAM,2.8783260673893563,dcns_0
LowResTwoDCNSApps,Router_Only,8,m-0-1,MOTION_VIDEO_STREAM_1,2.7667630415215165,dcns_1
LowResTwoDCNSApps,Router_Only,8,m-0-1,MOTION_VIDEO_STREAM,2.8783260673893563,dcns_0
LowResTwoDCNSApps,Router_Only,9,m-0-2,MOTION_VIDEO_STREAM_1,2.7667630415215165,dcns_1
LowResTwoDCNSApps,Router_Only,9,m-0-2,MOTION_VIDEO_STREAM,2.8783260673893563,dcns_0
LowResTwoDCNSApps,Router_Only,10,m-0-3,MOTION_VIDEO_STREAM_1,2.7667630415215165,dcns_1
LowResTwoDCNSApps,Router_Only,10,m-0-3,MOTION_VIDEO_STREAM,2.8783260673893563,dcns_0
TwoDCNSApps,Router_Proxy,5,proxy-server,PTZ_PARAMS_1,0.0821274999981808,dcns_1
TwoDCNSApps,Router_Proxy,5,proxy-server,DETECTED_OBJECT_1,2.074799999998236,dcns_1
TwoDCNSApps,Router_Proxy,5,proxy-server,DETECTED_OBJECT,2.1612499999982795,dcns_0
TwoDCNSApps,Router_Proxy,6,d-0,MOTION_VIDEO_STREAM_1,44.725672727236834,dcns_1
TwoDCNSApps,Router_Proxy,6,d-0,PTZ_PARAMS_1,3.1436363636335045,dcns_1
TwoDCNSApps,Router_Proxy,6,d-0,PTZ_PARAMS,3.143636363633739,dcns_0
TwoDCNSApps,Router_Proxy,6,d-0,DETECTED_OBJECT,2.2543181818163878,dcns_0
TwoDCNSApps,Router_Proxy,7,m-0-0,MOTION_VIDEO_STREAM_1,2.7888620514225506,dcns_1
TwoDCNSApps,Router_Proxy,7,m-0-0,MOTION_VIDEO_STREAM,2.901316166399247,dcns_0
TwoDCNSApps,Router_Proxy,8,m-0-1,MOTION_VIDEO_STREAM_1,2.7888620514225506,dcns_1
TwoDCNSApps,Router_Proxy,8,m-0-1,MOTION_VIDEO_STREAM,2.901316166399247,dcns_0
TwoDCNSApps,Router_Proxy,9,m-0-2,MOTION_VIDEO_STREAM_1,2.7888620514225506,dcns_1
TwoDCNSApps,Router_Proxy,9,m-0-2,MOTION_VIDEO_STREAM,2.901316166399247,dcns_0
TwoDCNSApps,Router_Proxy,10,m-0-3,MOTION_VIDEO_STREAM_1,2.7888620514225506,dcns_1
TwoDCNSApps,Router_Proxy,10,m-0-3,MOTION_VIDEO_STREAM,2.901316166399247,dcns_0
HighResTwoDCNSApps,Router_Proxy,5,proxy-server,PTZ_PARAMS_1,0.0821274999981808,dcns_1
HighResTwoDCNSApps,Router_Proxy,5,proxy-server,DETECTED_OBJECT_1,4.149599999997086,dcns_1
HighResTwoDCNSApps,Router_Proxy,5,proxy-server,DETECTED_OBJECT,4.322499999997052,dcns_0
HighResTwoDCNSApps,Router_Proxy,6,d-0,MOTION_VIDEO_STREAM_1,89.4513454544864,dcns_1
HighResTwoDCNSApps,Router_Proxy,6,d-0,PTZ_PARAMS_1,3.1436363636335045,dcns_1
HighResTwoDCNSApps,Router_Proxy,6,d-0,PTZ_PARAMS,3.143636363633739,dcns_0
HighResTwoDCNSApps,Router_Proxy,6,d-0,DETECTED_OBJECT,4.508636363633288,dcns_0
HighResTwoDCNSApps,Router_Proxy,7,m-0-0,MOTION_VIDEO_STREAM_1,2.833060071224527,dcns_1
HighResTwoDCNSApps,Router_Proxy,7,m-0-0,MOTION_VIDEO_STREAM,2.9472963644190546,dcns_0
HighResTwoDCNSApps,Router_Proxy,8,m-0-1,MOTION_VIDEO_STREAM_1,2.833060071224527,dcns_1
HighResTwoDCNSApps,Router_Proxy,8,m-0-1,MOTION_VIDEO_STREAM,2.9472963644190546,dcns_0
HighResTwoDCNSApps,Router_Proxy,9,m-0-2,MOTION_VIDEO_STREAM_1,2.833060071224527,dcns_1
HighResTwoDCNSApps,Router_Proxy,9,m-0-2,MOTION_VIDEO_STREAM,2.9472963644190546,dcns_0
HighResTwoDCNSApps,Router_Proxy,10,m-0-3,MOTION_VIDEO_STREAM_1,2.833060071224527,dcns_1
HighResTwoDCNSApps,Router_Proxy,10,m-0-3,MOTION_VIDEO_STREAM,2.9472963644190546,dcns_0
LowResTwoDCNSApps,Router_Proxy,5,proxy-server,PTZ_PARAMS_1,0.0821274999981808,dcns_1
LowResTwoDCNSApps,Router_Proxy,5,proxy-server,DETECTED_OBJECT_1,1.0373999999990564,dcns_1
LowResTwoDCNSApps,Router_Proxy,5,proxy-server,DETECTED_OBJECT,1.080624999999017,dcns_0
LowResTwoDCNSApps,Router_Proxy,6,d-0,MOTION_VIDEO_STREAM_1,22.362836363616367,dcns_1
LowResTwoDCNSApps,Router_Proxy,6,d-0,PTZ_PARAMS_1,3.1436363636335045,dcns_1
LowResTwoDCNSApps,Router_Proxy,6,d-0,PTZ_PARAMS,3.143636363633739,dcns_0
LowResTwoDCNSApps,Router_Proxy,6,d-0,DETECTED_OBJECT,1.1271590909080658,dcns_0
LowResTwoDCNSApps,Router_Proxy,7,m-0-0,MOTION_VIDEO_STREAM_1,2.7667630415215165,dcns_1
LowResTwoDCNSApps,Router_Proxy,7,m-0-0,MOTION_VIDEO_STREAM,2.8783260673893563,dcns_0
LowResTwoDCNSApps,Router_Proxy,8,m-0-1,MOTION_VIDEO_STREAM_1,2.7667630415215165,dcns_1
LowResTwoDCNSApps,Router_Proxy,8,m-0-1,MOTION_VIDEO_STREAM,2.8783260673893563,dcns_0
LowResTwoDCNSApps,Router_Proxy,9,m-0-2,MOTION_VIDEO_STREAM_1,2.7667630415215165,dcns_1
LowResTwoDCNSApps,Router_Proxy,9,m-0-2,MOTION_VIDEO_STREAM,2.8783260673893563,dcns_0
LowResTwoDCNSApps,Router_Proxy,10,m-0-3,MOTION_VIDEO_STREAM_1,2.7667630415215165,dcns_1
LowResTwoDCNSApps,Router_Proxy,10,m-0-3,MOTION_VIDEO_STREAM,2.8783260673893563,dcns_0
TwoDCNSApps,Router_Cloud,4,cloud,PTZ_PARAMS_1,0.23367665334147722,dcns_1
TwoDCNSApps,Router_Cloud,5,proxy-server,MOTION_VIDEO_STREAM_1,42.87919999996457,dcns_1
TwoDCNSApps,Router_Cloud,5,proxy-server,PTZ_PARAMS_1,0.07780499999816015,dcns_1
TwoDCNSApps,Router_Cloud,5,proxy-server,DETECTED_OBJECT,2.1612499999982795,dcns_0
TwoDCNSApps,Router_Cloud,6,d-0,MOTION_VIDEO_STREAM_1,44.725672727236834,dcns_1
TwoDCNSApps,Router_Cloud,6,d-0,PTZ_PARAMS_1,2.9781818181791095,dcns_1
TwoDCNSApps,Router_Cloud,6,d-0,PTZ_PARAMS,3.143636363633739,dcns_0
TwoDCNSApps,Router_Cloud,6,d-0,DETECTED_OBJECT,2.2543181818163878,dcns_0
TwoDCNSApps,Router_Cloud,7,m-0-0,MOTION_VIDEO_STREAM_1,2.7888620514225506,dcns_1
TwoDCNSApps,Router_Cloud,7,m-0-0,MOTION_VIDEO_STREAM,2.901316166399247,dcns_0
TwoDCNSApps,Router_Cloud,8,m-0-1,MOTION_VIDEO_STREAM_1,2.7888620514225506,dcns_1
TwoDCNSApps,Router_Cloud,8,m-0-1,MOTION_VIDEO_STREAM,2.901316166399247,dcns_0
TwoDCNSApps,Router_Cloud,9,m-0-2,MOTION_VIDEO_STREAM_1,2.7888620514225506,dcns_1
TwoDCNSApps,Router_Cloud,9,m-0-2,MOTION_VIDEO_STREAM,2.901316166399247,dcns_0
TwoDCNSApps,Router_Cloud,10,m-0-3,MOTION_VIDEO_STREAM_1,2.7888620514225506,dcns_1
TwoDCNSApps,Router_Cloud,10,m-0-3,MOTION_VIDEO_STREAM,2.901316166399247,dcns_0
HighResTwoDCNSApps,Router_Cloud,4,cloud,PTZ_PARAMS_1,0.23367665334147722,dcns_1
HighResTwoDCNSApps,Router_Cloud,5,proxy-server,MOTION_VIDEO_STREAM_1,85.7583999999424,dcns_1
HighResTwoDCNSApps,Router_Cloud,5,proxy-server,PTZ_PARAMS_1,0.07780499999816015,dcns_1
HighResTwoDCNSApps,Router_Cloud,5,proxy-server,DETECTED_OBJECT,4.322499999997052,dcns_0
HighResTwoDCNSApps,Router_Cloud,6,d-0,MOTION_VIDEO_STREAM_1,89.4513454544864,dcns_1
HighResTwoDCNSApps,Router_Cloud,6,d-0,PTZ_PARAMS_1,2.9781818181791095,dcns_1
HighResTwoDCNSApps,Router_Cloud,6,d-0,PTZ_PARAMS,3.143636363633739,dcns_0
HighResTwoDCNSApps,Router_Cloud,6,d-0,DETECTED_OBJECT,4.508636363633288,dcns_0
HighResTwoDCNSApps,Router_Cloud,7,m-0-0,MOTION_VIDEO_STREAM_1,2.833060071224527,dcns_1
HighResTwoDCNSApps,Router_Cloud,7,m-0-0,MOTION_VIDEO_STREAM,2.9472963644190546,dcns_0
HighResTwoDCNSApps,Router_Cloud,8,m-0-1,MOTION_VIDEO_STREAM_1,2.833060071224527,dcns_1
HighResTwoDCNSApps,Router_Cloud,8,m-0-1,MOTION_VIDEO_STREAM,2.9472963644190546,dcns_0
HighResTwoDCNSApps,Router_Cloud,9,m-0-2,MOTION_VIDEO_STREAM_1,2.833060071224527,dcns_1
HighResTwoDCNSApps,Router_Cloud,9,m-0-2,MOTION_VIDEO_STREAM,2.9472963644190546,dcns_0
HighResTwoDCNSApps,Router_Cloud,10,m-0-3,MOTION_VIDEO_STREAM_1,2.833060071224527,dcns_1
HighResTwoDCNSApps,Router_Cloud,10,m-0-3,MOTION_VIDEO_STREAM,2.9472963644190546,dcns_0
LowResTwoDCNSApps,Router_Cloud,4,cloud,PTZ_PARAMS_1,0.23367665334147722,dcns_1
LowResTwoDCNSApps,Router_Cloud,5,proxy-server,MOTION_VIDEO_STREAM_1,21.439599999980565,dcns_1
LowResTwoDCNSApps,Router_Cloud,5,proxy-server,PTZ_PARAMS_1,0.07780499999816015,dcns_1
LowResTwoDCNSApps,Router_Cloud,5,proxy-server,DETECTED_OBJECT,1.080624999999017,dcns_0
LowResTwoDCNSApps,Router_Cloud,6,d-0,MOTION_VIDEO_STREAM_1,22.362836363616367,dcns_1
LowResTwoDCNSApps,Router_Cloud,6,d-0,PTZ_PARAMS_1,2.9781818181791095,dcns_1
LowResTwoDCNSApps,Router_Cloud,6,d-0,PTZ_PARAMS,3.143636363633739,dcns_0
LowResTwoDCNSApps,Router_Cloud,6,d-0,DETECTED_OBJECT,1.1271590909080658,dcns_0
LowResTwoDCNSApps,Router_Cloud,7,m-0-0,MOTION_VIDEO_STREAM_1,2.7667630415215165,dcns_1
LowResTwoDCNSApps,Router_Cloud,7,m-0-0,MOTION_VIDEO_STREAM,2.8783260673893563,dcns_0
LowResTwoDCNSApps,Router_Cloud,8,m-0-1,MOTION_VIDEO_STREAM_1,2.7667630415215165,dcns_1
LowResTwoDCNSApps,Router_Cloud,8,m-0-1,MOTION_VIDEO_STREAM,2.8783260673893563,dcns_0
LowResTwoDCNSApps,Router_Cloud,9,m-0-2,MOTION_VIDEO_STREAM_1,2.7667630415215165,dcns_1
LowResTwoDCNSApps,Router_Cloud,9,m-0-2,MOTION_VIDEO_STREAM,2.8783260673893563,dcns_0
LowResTwoDCNSApps,Router_Cloud,10,m-0-3,MOTION_VIDEO_STREAM_1,2.7667630415215165,dcns_1
LowResTwoDCNSApps,Router_Cloud,10,m-0-3,MOTION_VIDEO_STREAM,2.8783260673893563,dcns_0
TwoDCNSApps,Proxy_Only,5,proxy-server,PTZ_PARAMS_1,0.0821274999981808,dcns_1
TwoDCNSApps,Proxy_Only,5,proxy-server,DETECTED_OBJECT_1,2.074799999998236,dcns_1
TwoDCNSApps,Proxy_Only,5,proxy-server,PTZ_PARAMS,0.08212749999830365,dcns_0
TwoDCNSApps,Proxy_Only,5,proxy-server,DETECTED_OBJECT,2.1612499999982795,dcns_0
TwoDCNSApps,Proxy_Only,6,d-0,MOTION_VIDEO_STREAM_1,44.725672727236834,dcns_1
TwoDCNSApps,Proxy_Only,6,d-0,PTZ_PARAMS_1,3.1436363636335045,dcns_1
TwoDCNSApps,Proxy_Only,6,d-0,PTZ_PARAMS,3.143636363633739,dcns_0
TwoDCNSApps,Proxy_Only,6,d-0,MOTION_VIDEO_STREAM,46.52912727269136,dcns_0
TwoDCNSApps,Proxy_Only,7,m-0-0,MOTION_VIDEO_STREAM_1,2.7888620514225506,dcns_1
TwoDCNSApps,Proxy_Only,7,m-0-0,MOTION_VIDEO_STREAM,2.901316166399247,dcns_0
TwoDCNSApps,Proxy_Only,8,m-0-1,MOTION_VIDEO_STREAM_1,2.7888620514225506,dcns_1
TwoDCNSApps,Proxy_Only,8,m-0-1,MOTION_VIDEO_STREAM,2.901316166399247,dcns_0
TwoDCNSApps,Proxy_Only,9,m-0-2,MOTION_VIDEO_STREAM_1,2.7888620514225506,dcns_1
TwoDCNSApps,Proxy_Only,9,m-0-2,MOTION_VIDEO_STREAM,2.901316166399247,dcns_0
TwoDCNSApps,Proxy_Only,10,m-0-3,MOTION_VIDEO_STREAM_1,2.7888620514225506,dcns_1
TwoDCNSApps,Proxy_Only,10,m-0-3,MOTION_VIDEO_STREAM,2.901316166399247,dcns_0
HighResTwoDCNSApps,Proxy_Only,5,proxy-server,PTZ_PARAMS_1,0.0821274999981808,dcns_1
HighResTwoDCNSApps,Proxy_Only,5,proxy-server,DETECTED_OBJECT_1,3.2850999999976267,dcns_1
HighResTwoDCNSApps,Proxy_Only,5,proxy-server,PTZ_PARAMS,0.08212749999830365,dcns_0
HighResTwoDCNSApps,Proxy_Only,5,proxy-server,DETECTED_OBJECT,3.4579999999975923,dcns_0
HighResTwoDCNSApps,Proxy_Only,6,d-0,MOTION_VIDEO_STREAM_1,89.4513454544864,dcns_1
HighResTwoDCNSApps,Proxy_Only,6,d-0,PTZ_PARAMS_1,3.1436363636335045,dcns_1
HighResTwoDCNSApps,Proxy_Only,6,d-0,PTZ_PARAMS,3.143636363633739,dcns_0
HighResTwoDCNSApps,Proxy_Only,6,d-0,MOTION_VIDEO_STREAM,93.05825454539644,dcns_0
HighResTwoDCNSApps,Proxy_Only,7,m-0-0,MOTION_VIDEO_STREAM_1,2.833060071224527,dcns_1
HighResTwoDCNSApps,Proxy_Only,7,m-0-0,MOTION_VIDEO_STREAM,2.9472963644190546,dcns_0
HighResTwoDCNSApps,Proxy_Only,8,m-0-1,MOTION_VIDEO_STREAM_1,2.833060071224527,dcns_1
HighResTwoDCNSApps,Proxy_Only,8,m-0-1,MOTION_VIDEO_STREAM,2.9472963644190546,dcns_0
HighResTwoDCNSApps,Proxy_Only,9,m-0-2,MOTION_VIDEO_STREAM_1,2.833060071224527,dcns_1
HighResTwoDCNSApps,Proxy_Only,9,m-0-2,MOTION_VIDEO_STREAM,2.9472963644190546,dcns_0
HighResTwoDCNSApps,Proxy_Only,10,m-0-3,MOTION_VIDEO_STREAM_1,2.833060071224527,dcns_1
HighResTwoDCNSApps,Proxy_Only,10,m-0-3,MOTION_VIDEO_STREAM,2.9472963644190546,dcns_0
LowResTwoDCNSApps,Proxy_Only,5,proxy-server,PTZ_PARAMS_1,0.0821274999981808,dcns_1
LowResTwoDCNSApps,Proxy_Only,5,proxy-server,DETECTED_OBJECT_1,1.0373999999990564,dcns_1
LowResTwoDCNSApps,Proxy_Only,5,proxy-server,PTZ_PARAMS,0.08212749999830365,dcns_0
LowResTwoDCNSApps,Proxy_Only,5,proxy-server,DETECTED_OBJECT,1.080624999999017,dcns_0
LowResTwoDCNSApps,Proxy_Only,6,d-0,MOTION_VIDEO_STREAM_1,22.362836363616367,dcns_1
LowResTwoDCNSApps,Proxy_Only,6,d-0,PTZ_PARAMS_1,3.1436363636335045,dcns_1
LowResTwoDCNSApps,Proxy_Only,6,d-0,PTZ_PARAMS,3.143636363633739,dcns_0
LowResTwoDCNSApps,Proxy_Only,6,d-0,MOTION_VIDEO_STREAM,23.264563636343887,dcns_0
LowResTwoDCNSApps,Proxy_Only,7,m-0-0,MOTION_VIDEO_STREAM_1,2.7667630415215165,dcns_1
LowResTwoDCNSApps,Proxy_Only,7,m-0-0,MOTION_VIDEO_STREAM,2.8783260673893563,dcns_0
LowResTwoDCNSApps,Proxy_Only,8,m-0-1,MOTION_VIDEO_STREAM_1,2.7667630415215165,dcns_1
LowResTwoDCNSApps,Proxy_Only,8,m-0-1,MOTION_VIDEO_STREAM,2.8783260673893563,dcns_0
LowResTwoDCNSApps,Proxy_Only,9,m-0-2,MOTION_VIDEO_STREAM_1,2.7667630415215165,dcns_1
LowResTwoDCNSApps,Proxy_Only,9,m-0-2,MOTION_VIDEO_STREAM,2.8783260673893563,dcns_0
LowResTwoDCNSApps,Proxy_Only,10,m-0-3,MOTION_VIDEO_STREAM_1,2.7667630415215165,dcns_1
LowResTwoDCNSApps,Proxy_Only,10,m-0-3,MOTION_VIDEO_STREAM,2.8783260673893563,dcns_0
TwoDCNSApps,Proxy_Cloud,4,cloud,PTZ_PARAMS_1,0.23367665334147722,dcns_1
TwoDCNSApps,Proxy_Cloud,5,proxy-server,MOTION_VIDEO_STREAM_1,42.87919999996457,dcns_1
TwoDCNSApps,Proxy_Cloud,5,proxy-server,PTZ_PARAMS_1,0.07780499999816015,dcns_1
TwoDCNSApps,Proxy_Cloud,5,proxy-server,PTZ_PARAMS,0.08212749999830365,dcns_0
TwoDCNSApps,Proxy_Cloud,5,proxy-server,DETECTED_OBJECT,2.1612499999982795,dcns_0
TwoDCNSApps,Proxy_Cloud,6,d-0,MOTION_VIDEO_STREAM_1,44.725672727236834,dcns_1
TwoDCNSApps,Proxy_Cloud,6,d-0,PTZ_PARAMS_1,2.9781818181791095,dcns_1
TwoDCNSApps,Proxy_Cloud,6,d-0,PTZ_PARAMS,3.143636363633739,dcns_0
TwoDCNSApps,Proxy_Cloud,6,d-0,MOTION_VIDEO_STREAM,46.52912727269136,dcns_0
TwoDCNSApps,Proxy_Cloud,7,m-0-0,MOTION_VIDEO_STREAM_1,2.7888620514225506,dcns_1
TwoDCNSApps,Proxy_Cloud,7,m-0-0,MOTION_VIDEO_STREAM,2.901316166399247,dcns_0
TwoDCNSApps,Proxy_Cloud,8,m-0-1,MOTION_VIDEO_STREAM_1,2.7888620514225506,dcns_1
TwoDCNSApps,Proxy_Cloud,8,m-0-1,MOTION_VIDEO_STREAM,2.901316166399247,dcns_0
TwoDCNSApps,Proxy_Cloud,9,m-0-2,MOTION_VIDEO_STREAM_1,2.7888620514225506,dcns_1
TwoDCNSApps,Proxy_Cloud,9,m-0-2,MOTION_VIDEO_STREAM,2.901316166399247,dcns_0
TwoDCNSApps,Proxy_Cloud,10,m-0-3,MOTION_VIDEO_STREAM_1,2.7888620514225506,dcns_1
TwoDCNSApps,Proxy_Cloud,10,m-0-3,MOTION_VIDEO_STREAM,2.901316166399247,dcns_0
HighResTwoDCNSApps,Proxy_Cloud,4,cloud,PTZ_PARAMS_1,0.23367665334147722,dcns_1
HighResTwoDCNSApps,Proxy_Cloud,5,proxy-server,MOTION_VIDEO_STREAM_1,85.7583999999424,dcns_1
HighResTwoDCNSApps,Proxy_Cloud,5,proxy-server,PTZ_PARAMS_1,0.07780499999816015,dcns_1
HighResTwoDCNSApps,Proxy_Cloud,5,proxy-server,PTZ_PARAMS,0.08212749999830365,dcns_0
HighResTwoDCNSApps,Proxy_Cloud,5,proxy-server,DETECTED_OBJECT,4.322499999997052,dcns_0
HighResTwoDCNSApps,Proxy_Cloud,6,d-0,MOTION_VIDEO_STREAM_1,89.4513454544864,dcns_1
HighResTwoDCNSApps,Proxy_Cloud,6,d-0,PTZ_PARAMS_1,2.9781818181791095,dcns_1
HighResTwoDCNSApps,Proxy_Cloud,6,d-0,PTZ_PARAMS,3.143636363633739,dcns_0
HighResTwoDCNSApps,Proxy_Cloud,6,d-0,MOTION_VIDEO_STREAM,93.05825454539644,dcns_0
HighResTwoDCNSApps,Proxy_Cloud,7,m-0-0,MOTION_VIDEO_STREAM_1,2.833060071224527,dcns_1
HighResTwoDCNSApps,Proxy_Cloud,7,m-0-0,MOTION_VIDEO_STREAM,2.9472963644190546,dcns_0
HighResTwoDCNSApps,Proxy_Cloud,8,m-0-1,MOTION_VIDEO_STREAM_1,2.833060071224527,dcns_1
HighResTwoDCNSApps,Proxy_Cloud,8,m-0-1,MOTION_VIDEO_STREAM,2.9472963644190546,dcns_0
HighResTwoDCNSApps,Proxy_Cloud,9,m-0-2,MOTION_VIDEO_STREAM_1,2.833060071224527,dcns_1
HighResTwoDCNSApps,Proxy_Cloud,9,m-0-2,MOTION_VIDEO_STREAM,2.9472963644190546,dcns_0
HighResTwoDCNSApps,Proxy_Cloud,10,m-0-3,MOTION_VIDEO_STREAM_1,2.833060071224527,dcns_1
HighResTwoDCNSApps,Proxy_Cloud,10,m-0-3,MOTION_VIDEO_STREAM,2.9472963644190546,dcns_0
LowResTwoDCNSApps,Proxy_Cloud,4,cloud,PTZ_PARAMS_1,0.23367665334147722,dcns_1
LowResTwoDCNSApps,Proxy_Cloud,5,proxy-server,MOTION_VIDEO_STREAM_1,21.439599999980565,dcns_1
LowResTwoDCNSApps,Proxy_Cloud,5,proxy-server,PTZ_PARAMS_1,0.07780499999816015,dcns_1
LowResTwoDCNSApps,Proxy_Cloud,5,proxy-server,PTZ_PARAMS,0.08212749999830365,dcns_0
LowResTwoDCNSApps,Proxy_Cloud,5,proxy-server,DETECTED_OBJECT,1.080624999999017,dcns_0
LowResTwoDCNSApps,Proxy_Cloud,6,d-0,MOTION_VIDEO_STREAM_1,22.362836363616367,dcns_1
LowResTwoDCNSApps,Proxy_Cloud,6,d-0,PTZ_PARAMS_1,2.9781818181791095,dcns_1
LowResTwoDCNSApps,Proxy_Cloud,6,d-0,PTZ_PARAMS,3.143636363633739,dcns_0
LowResTwoDCNSApps,Proxy_Cloud,6,d-0,MOTION_VIDEO_STREAM,23.264563636343887,dcns_0
LowResTwoDCNSApps,Proxy_Cloud,7,m-0-0,MOTION_VIDEO_STREAM_1,2.7667630415215165,dcns_1
LowResTwoDCNSApps,Proxy_Cloud,7,m-0-0,MOTION_VIDEO_STREAM,2.8783260673893563,dcns_0
LowResTwoDCNSApps,Proxy_Cloud,8,m-0-1,MOTION_VIDEO_STREAM_1,2.7667630415215165,dcns_1
LowResTwoDCNSApps,Proxy_Cloud,8,m-0-1,MOTION_VIDEO_STREAM,2.8783260673893563,dcns_0
LowResTwoDCNSApps,Proxy_Cloud,9,m-0-2,MOTION_VIDEO_STREAM_1,2.7667630415215165,dcns_1
LowResTwoDCNSApps,Proxy_Cloud,9,m-0-2,MOTION_VIDEO_STREAM,2.8783260673893563,dcns_0
LowResTwoDCNSApps,Proxy_Cloud,10,m-0-3,MOTION_VIDEO_STREAM_1,2.7667630415215165,dcns_1
LowResTwoDCNSApps,Proxy_Cloud,10,m-0-3,MOTION_VIDEO_STREAM,2.8783260673893563,dcns_0
TwoDCNSApps,Cloud_Only,4,cloud,PTZ_PARAMS_1,0.23367665334147722,dcns_1
TwoDCNSApps,Cloud_Only,4,cloud,PTZ_PARAMS,0.23367665334182677,dcns_0
TwoDCNSApps,Cloud_Only,5,proxy-server,MOTION_VIDEO_STREAM_1,42.87919999996457,dcns_1
TwoDCNSApps,Cloud_Only,5,proxy-server,PTZ_PARAMS_1,0.07780499999816015,dcns_1
TwoDCNSApps,Cloud_Only,5,proxy-server,PTZ_PARAMS,0.07780499999828301,dcns_0
TwoDCNSApps,Cloud_Only,5,proxy-server,MOTION_VIDEO_STREAM,44.608199999965024,dcns_0
TwoDCNSApps,Cloud_Only,6,d-0,MOTION_VIDEO_STREAM_1,44.725672727236834,dcns_1
TwoDCNSApps,Cloud_Only,6,d-0,PTZ_PARAMS_1,2.9781818181791095,dcns_1
TwoDCNSApps,Cloud_Only,6,d-0,PTZ_PARAMS,2.9781818181791095,dcns_0
TwoDCNSApps,Cloud_Only,6,d-0,MOTION_VIDEO_STREAM,46.52912727269136,dcns_0
TwoDCNSApps,Cloud_Only,7,m-0-0,MOTION_VIDEO_STREAM_1,2.7888620514225506,dcns_1
TwoDCNSApps,Cloud_Only,7,m-0-0,MOTION_VIDEO_STREAM,2.901316166399247,dcns_0
TwoDCNSApps,Cloud_Only,8,m-0-1,MOTION_VIDEO_STREAM_1,2.7888620514225506,dcns_1
TwoDCNSApps,Cloud_Only,8,m-0-1,MOTION_VIDEO_STREAM,2.901316166399247,dcns_0
TwoDCNSApps,Cloud_Only,9,m-0-2,MOTION_VIDEO_STREAM_1,2.7888620514225506,dcns_1
TwoDCNSApps,Cloud_Only,9,m-0-2,MOTION_VIDEO_STREAM,2.901316166399247,dcns_0
TwoDCNSApps,Cloud_Only,10,m-0-3,MOTION_VIDEO_STREAM_1,2.7888620514225506,dcns_1
TwoDCNSApps,Cloud_Only,10,m-0-3,MOTION_VIDEO_STREAM,2.901316166399247,dcns_0
HighResTwoDCNSApps,Cloud_Only,4,cloud,PTZ_PARAMS_1,0.23367665334147722,dcns_1
HighResTwoDCNSApps,Cloud_Only,4,cloud,PTZ_PARAMS,0.23367665334182677,dcns_0
HighResTwoDCNSApps,Cloud_Only,5,proxy-server,MOTION_VIDEO_STREAM_1,85.7583999999424,dcns_1
HighResTwoDCNSApps,Cloud_Only,5,proxy-server,PTZ_PARAMS_1,0.07780499999816015,dcns_1
HighResTwoDCNSApps,Cloud_Only,5,proxy-server,PTZ_PARAMS,0.07780499999828301,dcns_0
HighResTwoDCNSApps,Cloud_Only,5,proxy-server,MOTION_VIDEO_STREAM,89.21639999994335,dcns_0
HighResTwoDCNSApps,Cloud_Only,6,d-0,MOTION_VIDEO_STREAM_1,89.4513454544864,dcns_1
HighResTwoDCNSApps,Cloud_Only,6,d-0,PTZ_PARAMS_1,2.9781818181791095,dcns_1
HighResTwoDCNSApps,Cloud_Only,6,d-0,PTZ_PARAMS,2.9781818181791095,dcns_0
HighResTwoDCNSApps,Cloud_Only,6,d-0,MOTION_VIDEO_STREAM,93.05825454539644,dcns_0
HighResTwoDCNSApps,Cloud_Only,7,m-0-0,MOTION_VIDEO_STREAM_1,2.833060071224527,dcns_1
HighResTwoDCNSApps,Cloud_Only,7,m-0-0,MOTION_VIDEO_STREAM,2.9472963644190546,dcns_0
HighResTwoDCNSApps,Cloud_Only,8,m-0-1,MOTION_VIDEO_STREAM_1,2.833060071224527,dcns_1
HighResTwoDCNSApps,Cloud_Only,8,m-0-1,MOTION_VIDEO_STREAM,2.9472963644190546,dcns_0
HighResTwoDCNSApps,Cloud_Only,9,m-0-2,MOTION_VIDEO_STREAM_1,2.833060071224527,dcns_1
HighResTwoDCNSApps,Cloud_Only,9,m-0-2,MOTION_VIDEO_STREAM,2.9472963644190546,dcns_0
HighResTwoDCNSApps,Cloud_Only,10,m-0-3,MOTION_VIDEO_STREAM_1,2.833060071224527,dcns_1
HighResTwoDCNSApps,Cloud_Only,10,m-0-3,MOTION_VIDEO_STREAM,2.9472963644190546,dcns_0
LowResTwoDCNSApps,Cloud_Only,4,cloud,PTZ_PARAMS_1,0.23367665334147722,dcns_1
LowResTwoDCNSApps,Cloud_Only,4,cloud,PTZ_PARAMS,0.23367665334182677,dcns_0
LowResTwoDCNSApps,Cloud_Only,5,proxy-server,MOTION_VIDEO_STREAM_1,21.439599999980565,dcns_1
LowResTwoDCNSApps,Cloud_Only,5,proxy-server,PTZ_PARAMS_1,0.07780499999816015,dcns_1
LowResTwoDCNSApps,Cloud_Only,5,proxy-server,PTZ_PARAMS,0.07780499999828301,dcns_0
LowResTwoDCNSApps,Cloud_Only,5,proxy-server,MOTION_VIDEO_STREAM,22.30409999998079,dcns_0
LowResTwoDCNSApps,Cloud_Only,6,d-0,MOTION_VIDEO_STREAM_1,22.362836363616367,dcns_1
LowResTwoDCNSApps,Cloud_Only,6,d-0,PTZ_PARAMS_1,2.9781818181791095,dcns_1
LowResTwoDCNSApps,Cloud_Only,6,d-0,PTZ_PARAMS,2.9781818181791095,dcns_0
LowResTwoDCNSApps,Cloud_Only,6,d-0,MOTION_VIDEO_STREAM,23.264563636343887,dcns_0
LowResTwoDCNSApps,Cloud_Only,7,m-0-0,MOTION_VIDEO_STREAM_1,2.7667630415215165,dcns_1
LowResTwoDCNSApps,Cloud_Only,7,m-0-0,MOTION_VIDEO_STREAM,2.8783260673893563,dcns_0
LowResTwoDCNSApps,Cloud_Only,8,m-0-1,MOTION_VIDEO_STREAM_1,2.7667630415215165,dcns_1
LowResTwoDCNSApps,Cloud_Only,8,m-0-1,MOTION_VIDEO_STREAM,2.8783260673893563,dcns_0
LowResTwoDCNSApps,Cloud_Only,9,m-0-2,MOTION_VIDEO_STREAM_1,2.7667630415215165,dcns_1
LowResTwoDCNSApps,Cloud_Only,9,m-0-2,MOTION_VIDEO_STREAM,2.8783260673893563,dcns_0
LowResTwoDCNSApps,Cloud_Only,10,m-0-3,MOTION_VIDEO_STREAM_1,2.7667630415215165,dcns_1
LowResTwoDCNSApps,Cloud_Only,10,m-0-3,MOTION_VIDEO_STREAM,2.8783260673893563,dcns_0
TwoDCNSApps,ModuleBased_Router_Proxy,5,proxy-server,PTZ_PARAMS_1,0.0821274999981808,dcns_1
TwoDCNSApps,ModuleBased_Router_Proxy,5,proxy-server,DETECTED_OBJECT_1,2.074799999998236,dcns_1
TwoDCNSApps,ModuleBased_Router_Proxy,5,proxy-server,PTZ_PARAMS,0.08212749999830365,dcns_0
TwoDCNSApps,ModuleBased_Router_Proxy,5,proxy-server,DETECTED_OBJECT,2.1612499999982795,dcns_0
TwoDCNSApps,ModuleBased_Router_Proxy,6,d-0,OBJECT_LOCATION_1,2.2362836363143725,dcns_1
TwoDCNSApps,ModuleBased_Router_Proxy,6,d-0,PTZ_PARAMS_1,3.1436363636335045,dcns_1
TwoDCNSApps,ModuleBased_Router_Proxy,6,d-0,DETECTED_OBJECT_1,2.1641454545436143,dcns_1
TwoDCNSApps,ModuleBased_Router_Proxy,6,d-0,PTZ_PARAMS,3.143636363633739,dcns_0
TwoDCNSApps,ModuleBased_Router_Proxy,6,d-0,DETECTED_OBJECT,2.2543181818163878,dcns_0
TwoDCNSApps,ModuleBased_Router_Proxy,6,d-0,OBJECT_LOCATION,2.3264563635880493,dcns_0
TwoDCNSApps,ModuleBased_Router_Proxy,7,m-0-0,MOTION_VIDEO_STREAM_1,2.7888620514225506,dcns_1
TwoDCNSApps,ModuleBased_Router_Proxy,7,m-0-0,MOTION_VIDEO_STREAM,2.901316166399247,dcns_0
TwoDCNSApps,ModuleBased_Router_Proxy,8,m-0-1,MOTION_VIDEO_STREAM_1,2.7888620514225506,dcns_1
TwoDCNSApps,ModuleBased_Router_Proxy,8,m-0-1,MOTION_VIDEO_STREAM,2.901316166399247,dcns_0
TwoDCNSApps,ModuleBased_Router_Proxy,9,m-0-2,MOTION_VIDEO_STREAM_1,2.7888620514225506,dcns_1
TwoDCNSApps,ModuleBased_Router_Proxy,9,m-0-2,MOTION_VIDEO_STREAM,2.901316166399247,dcns_0
TwoDCNSApps,ModuleBased_Router_Proxy,10,m-0-3,MOTION_VIDEO_STREAM_1,2.7888620514225506,dcns_1
TwoDCNSApps,ModuleBased_Router_Proxy,10,m-0-3,MOTION_VIDEO_STREAM,2.901316166399247,dcns_0
HighResTwoDCNSApps,ModuleBased_Router_Proxy,5,proxy-server,PTZ_PARAMS_1,0.0821274999981808,dcns_1
HighResTwoDCNSApps,ModuleBased_Router_Proxy,5,proxy-server,DETECTED_OBJECT_1,4.149599999997086,dcns_1
HighResTwoDCNSApps,ModuleBased_Router_Proxy,5,proxy-server,PTZ_PARAMS,0.08212749999830365,dcns_0
HighResTwoDCNSApps,ModuleBased_Router_Proxy,5,proxy-server,DETECTED_OBJECT,4.322499999997052,dcns_0
HighResTwoDCNSApps,ModuleBased_Router_Proxy,6,d-0,OBJECT_LOCATION_1,2.2182490908597394,dcns_1
HighResTwoDCNSApps,ModuleBased_Router_Proxy,6,d-0,PTZ_PARAMS_1,3.1436363636335045,dcns_1
HighResTwoDCNSApps,ModuleBased_Router_Proxy,6,d-0,DETECTED_OBJECT_1,4.328290909087869,dcns_1
HighResTwoDCNSApps,ModuleBased_Router_Proxy,6,d-0,PTZ_PARAMS,3.143636363633739,dcns_0
HighResTwoDCNSApps,ModuleBased_Router_Proxy,6,d-0,DETECTED_OBJECT,4.508636363633288,dcns_0
HighResTwoDCNSApps,ModuleBased_Router_Proxy,6,d-0,OBJECT_LOCATION,2.308421818133416,dcns_0
HighResTwoDCNSApps,ModuleBased_Router_Proxy,7,m-0-0,MOTION_VIDEO_STREAM_1,2.833060071224527,dcns_1
HighResTwoDCNSApps,ModuleBased_Router_Proxy,7,m-0-0,MOTION_VIDEO_STREAM,2.9472963644190546,dcns_0
HighResTwoDCNSApps,ModuleBased_Router_Proxy,8,m-0-1,MOTION_VIDEO_STREAM_1,2.833060071224527,dcns_1
HighResTwoDCNSApps,ModuleBased_Router_Proxy,8,m-0-1,MOTION_VIDEO_STREAM,2.9472963644190546,dcns_0
HighResTwoDCNSApps,ModuleBased_Router_Proxy,9,m-0-2,MOTION_VIDEO_STREAM_1,2.833060071224527,dcns_1
HighResTwoDCNSApps,ModuleBased_Router_Proxy,9,m-0-2,MOTION_VIDEO_STREAM,2.9472963644190546,dcns_0
HighResTwoDCNSApps,ModuleBased_Router_Proxy,10,m-0-3,MOTION_VIDEO_STREAM_1,2.833060071224527,dcns_1
HighResTwoDCNSApps,ModuleBased_Router_Proxy,10,m-0-3,MOTION_VIDEO_STREAM,2.9472963644190546,dcns_0
LowResTwoDCNSApps,ModuleBased_Router_Proxy,5,proxy-server,PTZ_PARAMS_1,0.0821274999981808,dcns_1
LowResTwoDCNSApps,ModuleBased_Router_Proxy,5,proxy-server,DETECTED_OBJECT_1,1.0373999999990564,dcns_1
LowResTwoDCNSApps,ModuleBased_Router_Proxy,5,proxy-server,PTZ_PARAMS,0.08212749999830365,dcns_0
LowResTwoDCNSApps,ModuleBased_Router_Proxy,5,proxy-server,DETECTED_OBJECT,1.080624999999017,dcns_0
LowResTwoDCNSApps,ModuleBased_Router_Proxy,6,d-0,OBJECT_LOCATION_1,2.2362836363148855,dcns_1
LowResTwoDCNSApps,ModuleBased_Router_Proxy,6,d-0,PTZ_PARAMS_1,3.1436363636335045,dcns_1
LowResTwoDCNSApps,ModuleBased_Router_Proxy,6,d-0,DETECTED_OBJECT_1,1.0820727272717432,dcns_1
LowResTwoDCNSApps,ModuleBased_Router_Proxy,6,d-0,PTZ_PARAMS,3.143636363633739,dcns_0
LowResTwoDCNSApps,ModuleBased_Router_Proxy,6,d-0,DETECTED_OBJECT,1.1271590909080658,dcns_0
LowResTwoDCNSApps,ModuleBased_Router_Proxy,6,d-0,OBJECT_LOCATION,2.3264563635880493,dcns_0
LowResTwoDCNSApps,ModuleBased_Router_Proxy,7,m-0-0,MOTION_VIDEO_STREAM_1,2.7667630415215165,dcns_1
LowResTwoDCNSApps,ModuleBased_Router_Proxy,7,m-0-0,MOTION_VIDEO_STREAM,2.8783260673893563,dcns_0
LowResTwoDCNSApps,ModuleBased_Router_Proxy,8,m-0-1,MOTION_VIDEO_STREAM_1,2.7667630415215165,dcns_1
LowResTwoDCNSApps,ModuleBased_Router_Proxy,8,m-0-1,MOTION_VIDEO_STREAM,2.8783260673893563,dcns_0
LowResTwoDCNSApps,ModuleBased_Router_Proxy,9,m-0-2,MOTION_VIDEO_STREAM_1,2.7667630415215165,dcns_1
LowResTwoDCNSApps,ModuleBased_Router_Proxy,9,m-0-2,MOTION_VIDEO_STREAM,2.8783260673893563,dcns_0
LowResTwoDCNSApps,ModuleBased_Router_Proxy,10,m-0-3,MOTION_VIDEO_STREAM_1,2.7667630415215165,dcns_1
LowResTwoDCNSApps,ModuleBased_Router_Proxy,10,m-0-3,MOTION_VIDEO_STREAM,2.8783260673893563,dcns_0
